Zip File,SHA256 Hash
https://raw.githubusercontent.com/upowai/DATASETS/main/3/saved/chunk_0.zip,5512f80814ba0e57c05615b00177d7bb97f72c6e4efc774af1a90698d8c44eeb
https://raw.githubusercontent.com/upowai/DATASETS/main/3/saved/chunk_1.zip,9e9db934c95150a81b2aaecff0b33909f7096a97a024c339b00b925d735b9d33
https://raw.githubusercontent.com/upowai/DATASETS/main/3/saved/chunk_2.zip,e5475ee1299ad4297a2b76f372b726091b9516e1223c243e7284f3e17dbc4759
https://raw.githubusercontent.com/upowai/DATASETS/main/3/saved/chunk_3.zip,b24c89c22d7f46978ecf91acbf7ca688e2ab793058f341bbbc147009b9019937
https://raw.githubusercontent.com/upowai/DATASETS/main/3/saved/chunk_4.zip,f34fa2382e478b18aa23497c401178146a79b4451cce4661d45864ac93d21a2a
https://raw.githubusercontent.com/upowai/DATASETS/main/3/saved/chunk_5.zip,25ef06820a0fb7b3625182977b32e5d2d70271ec1820a954c221ca7033d7edef
https://raw.githubusercontent.com/upowai/DATASETS/main/3/saved/chunk_6.zip,964fa8e239546878cc1a5f2b5c95bc7620eb135ffd4a72dd414f14c3359ccc67
https://raw.githubusercontent.com/upowai/DATASETS/main/3/saved/chunk_7.zip,46d25f91ba53edcdcd9b88af3e29142d24e65d37828dbcbb53f2ccd437da328d
https://raw.githubusercontent.com/upowai/DATASETS/main/3/saved/chunk_8.zip,742a451a57c8ce17f6824c1c32e870ff1c857938ca7d884cbc10db3aa3415927
https://raw.githubusercontent.com/upowai/DATASETS/main/3/saved/chunk_9.zip,b6a6ebdfcc95be14c0be4f0ab30fbcfb85555ceb828e6d5a208e85d3d25b62c0
https://raw.githubusercontent.com/upowai/DATASETS/main/3/saved/chunk_10.zip,53322d537e3f25df469e4a312a35e1dcf0904498395940df116ff4f789a3d94c
https://raw.githubusercontent.com/upowai/DATASETS/main/3/saved/chunk_11.zip,e8b1a819153a566409f517116cdc1f754cf704686b2f42e44c90a9416d52c00a
https://raw.githubusercontent.com/upowai/DATASETS/main/3/saved/chunk_12.zip,2ed4ebc9e27a5094eb8e63e07fbad7fe30c74a5e278ba0be03aea4af1137204d
https://raw.githubusercontent.com/upowai/DATASETS/main/3/saved/chunk_13.zip,bc4982f89ebddb997398b582996a30290b00c34eba9d26cfb23c1301cb9a5b92
https://raw.githubusercontent.com/upowai/DATASETS/main/3/saved/chunk_14.zip,f28586786314866837a81c85bf592d69c8790cb71f4740143f8b0ac4fb595e1c
https://raw.githubusercontent.com/upowai/DATASETS/main/3/saved/chunk_15.zip,b236f35c045a2012bb531017cf0ccf84cca7605876a8f670291b4d61ee0b688b
https://raw.githubusercontent.com/upowai/DATASETS/main/3/saved/chunk_16.zip,96038c29c2d31336074a14c3c2c28f413b0bb930cf4339fb70426b3958a693b2
https://raw.githubusercontent.com/upowai/DATASETS/main/3/saved/chunk_17.zip,f9c8a3e9a7493c8ad6542c4edd837f90a6425f4caeb63f396088598642044e03
https://raw.githubusercontent.com/upowai/DATASETS/main/3/saved/chunk_18.zip,d094e404d9dd7ebc0b2d56f0adbfc1c4b30a302658214e9b06e5f6871b04eb06
https://raw.githubusercontent.com/upowai/DATASETS/main/3/saved/chunk_19.zip,54b1c391a0444070623e1198ad8fb5a85468cc84b0c5a580e84ad1eb316ae16a
https://raw.githubusercontent.com/upowai/DATASETS/main/3/saved/chunk_20.zip,bad18ced8becc6c0fb04bd8c569ed0411ea4c1a716440a500a3fc2e44f5c818d
https://raw.githubusercontent.com/upowai/DATASETS/main/3/saved/chunk_21.zip,ab36a8517e048168b455e5fe14eefaf9dc9b19ea3110ed0a3964fb1665912ead
https://raw.githubusercontent.com/upowai/DATASETS/main/3/saved/chunk_22.zip,931580fe84211c173cde5d8fa42ef428f798c83ec40c65734521cc998be5be04
https://raw.githubusercontent.com/upowai/DATASETS/main/3/saved/chunk_23.zip,3dea17de2541c352968eac22dfab626fca0e44d1d86bb071aa5b08e45f3c9f0a
https://raw.githubusercontent.com/upowai/DATASETS/main/3/saved/chunk_24.zip,e7988d924899f309046ef34bf14b2078131ade541d90217ed69599dbc820b8c7
https://raw.githubusercontent.com/upowai/DATASETS/main/3/saved/chunk_25.zip,c03008276a30e26000ea280ea38c92d23c2d920bc2b19813be61790a85458612
https://raw.githubusercontent.com/upowai/DATASETS/main/3/saved/chunk_26.zip,dd96e69d244ff97ade707d77054883098df3b80663fd8fb8e278310441da36a0
https://raw.githubusercontent.com/upowai/DATASETS/main/3/saved/chunk_27.zip,e3d16f16b75fc574b304f8a173345fa4ec8e3fb6de277a606e4056250ca1ee9b
https://raw.githubusercontent.com/upowai/DATASETS/main/3/saved/chunk_28.zip,0b094ef323f796ab111e0cddf4275f711c145220cc7a11eedcec38e0c5cbe083
https://raw.githubusercontent.com/upowai/DATASETS/main/3/saved/chunk_29.zip,e46580bc4d144e31663bbd820b395f61a5c41e4032db73a4186b83ab40d9aaea
https://raw.githubusercontent.com/upowai/DATASETS/main/3/saved/chunk_30.zip,65bb061173ecc2fbd59aedec93b8c315d501dfcd642950043751b6d6a416ba57
https://raw.githubusercontent.com/upowai/DATASETS/main/3/saved/chunk_31.zip,8309a5d4b0bd95dd287bbea9d7d73ba4031ba24d67e7976d0994e440fb77531a
https://raw.githubusercontent.com/upowai/DATASETS/main/3/saved/chunk_32.zip,a1c75433e9dc89db681bc0613a111b91dcffc76eb72bfb81eb3ad3ca6c66e1c9
https://raw.githubusercontent.com/upowai/DATASETS/main/3/saved/chunk_33.zip,0023b84c9e41f13a3038d3644026d5be15b094fc382ab8f74650bffa64eed316
https://raw.githubusercontent.com/upowai/DATASETS/main/3/saved/chunk_34.zip,b772c0ec724d87d33ceef28e53e5131cc444db1dc7f9a8be71d10593e8d39cf4
https://raw.githubusercontent.com/upowai/DATASETS/main/3/saved/chunk_35.zip,970c5196b7e822ed380416314d956324e710d43778510b24589e6669c222b037
https://raw.githubusercontent.com/upowai/DATASETS/main/3/saved/chunk_36.zip,1bc1ea5335cf54a6f27c95d49c4822873289dbc43ddac5ff80acde746ddc7829
https://raw.githubusercontent.com/upowai/DATASETS/main/3/saved/chunk_37.zip,5e92d82a4a201fd2e56aaa02b2f54f9d164b136764259707849b322f4a5d9623
https://raw.githubusercontent.com/upowai/DATASETS/main/3/saved/chunk_38.zip,1efa8cd474a005ab364444d672840c38dd40010e5de68f6d268adc4d3d525a6e
https://raw.githubusercontent.com/upowai/DATASETS/main/3/saved/chunk_39.zip,a3898df47c4dc04ce093aa2843c310dccb786e04e78b2c812ae89f8037b095af
https://raw.githubusercontent.com/upowai/DATASETS/main/3/saved/chunk_40.zip,c0fcc2145f8aba52de71e5080298eff666e2110b398b596205f3e87cda57d90e
https://raw.githubusercontent.com/upowai/DATASETS/main/3/saved/chunk_41.zip,9e449bc395d00c1e9609eb629e1b30d819bcdc0ac3376a3eaf41e835f43e5bef
https://raw.githubusercontent.com/upowai/DATASETS/main/3/saved/chunk_42.zip,e5009cea7ebb2cf7188f4e0e8d18a817cc60dfe4a1ff039f6e1fc6852521466c
https://raw.githubusercontent.com/upowai/DATASETS/main/3/saved/chunk_43.zip,3f5a70450489128ac6051c3a2d3366a08c75afcb26edf744d6a01b6ba31d78a5
https://raw.githubusercontent.com/upowai/DATASETS/main/3/saved/chunk_44.zip,33868153f8261bd7f156bda4e090618abb63b8a7f37981d5645bc04d8624d7de
https://raw.githubusercontent.com/upowai/DATASETS/main/3/saved/chunk_45.zip,5fa1443d7f2972e87d2c21dd21272f9c1dc8b4d2468d21e171bf0d15f0f496b8
https://raw.githubusercontent.com/upowai/DATASETS/main/3/saved/chunk_46.zip,dd8b3ee85ba57c487377fb5056e2ca33dce9035e3f77d4f7acdd08cdd35eb141
https://raw.githubusercontent.com/upowai/DATASETS/main/3/saved/chunk_47.zip,5b14310e2ae7c4b11336831f0de63d08ffd6e047798e6a3baf7ba6b3c517ab6d
https://raw.githubusercontent.com/upowai/DATASETS/main/3/saved/chunk_48.zip,6c7bf39aa6c084b8b998efab6cfa5efdb104adcfa340d4cc4f5c75f91be9ef23
https://raw.githubusercontent.com/upowai/DATASETS/main/3/saved/chunk_49.zip,83e544498ea6abb7f3de3c661733b7bfa4723f3ef96f7e989b0726ecda91b8ce
https://raw.githubusercontent.com/upowai/DATASETS/main/3/saved/chunk_50.zip,f73c6d7c4351eab2a4d60d65e8605625617e9c4d63698d20efe7067678eb5eee
https://raw.githubusercontent.com/upowai/DATASETS/main/3/saved/chunk_51.zip,b3281b5a8bf32be644fffa81c9bc7010a806bf8a2e125a9c882be5634024658a
https://raw.githubusercontent.com/upowai/DATASETS/main/3/saved/chunk_52.zip,8466c6d588c90a6cf29a9bc77c5834bc3d4693d9ccb45bf6ccbeca0cc5d1dc52
https://raw.githubusercontent.com/upowai/DATASETS/main/3/saved/chunk_53.zip,38a53cc4cd099c58e0fe037c9f75a3ec92b58a8b579a69d923da811d3245bf15
https://raw.githubusercontent.com/upowai/DATASETS/main/3/saved/chunk_54.zip,82c29198c8ef432fef77d42bf8c237a1aa462c959d0bdd9ac3812c7a8683e2af
https://raw.githubusercontent.com/upowai/DATASETS/main/3/saved/chunk_55.zip,331419ee63c97433a28768e72b889b66df7d0626ba81c514512e88a3eef414dc
https://raw.githubusercontent.com/upowai/DATASETS/main/3/saved/chunk_56.zip,73a25cc4e7237f7e5875f5e2cf38c7840c9f1aaf453f33fee4de059c0ad35417
https://raw.githubusercontent.com/upowai/DATASETS/main/3/saved/chunk_57.zip,1e6105767c944c6fd1ea171a21c418a83c6d189ee54eb6e145f92e2649c2923d
https://raw.githubusercontent.com/upowai/DATASETS/main/3/saved/chunk_58.zip,f75c3102f2d0af0ed6d0fd1977254cb3dc0c8a64883db38231680dd7025b9181
https://raw.githubusercontent.com/upowai/DATASETS/main/3/saved/chunk_59.zip,8ab64ae898928131e9ce661b8a34e142d0b9ec06f6c88fcd0143dbebe5025a5d
https://raw.githubusercontent.com/upowai/DATASETS/main/3/saved/chunk_60.zip,b5df44ff2db5f9128c4785bf3b0ad869b2183d5c79d6d9c02f4ef9f631257cda
https://raw.githubusercontent.com/upowai/DATASETS/main/3/saved/chunk_61.zip,e7a21c240f8ddd0dc95b1a7014b3eb4d9d2c975f365c796aafd715a528f984e8
https://raw.githubusercontent.com/upowai/DATASETS/main/3/saved/chunk_62.zip,880dced90c067429fe9f7c1a0b5502ee743cdc2103f7df8de1ea8447adb2af6c
https://raw.githubusercontent.com/upowai/DATASETS/main/3/saved/chunk_63.zip,8a7f60400a0446d48502e8004ada1be4f306fb1de70a59165304fc732c38eb2c
https://raw.githubusercontent.com/upowai/DATASETS/main/3/saved/chunk_64.zip,5cbacd3210561e12f3fbfb2792aa305484c98149cf82520fb8ae2adc1f6114c7
https://raw.githubusercontent.com/upowai/DATASETS/main/3/saved/chunk_65.zip,635eafeaa8fe7b02802de33122ace2147fb2f7c8d7d28d01142f80979783c982
https://raw.githubusercontent.com/upowai/DATASETS/main/3/saved/chunk_66.zip,0f764d0d20f5ec82a9eba3710b37da9843db26041ef00d90c91e4a3fd61eae94
https://raw.githubusercontent.com/upowai/DATASETS/main/3/saved/chunk_67.zip,31d61fe894e984c9a36977157d793cc550ad54e7eb01b4812ce6a3bf2110914c
https://raw.githubusercontent.com/upowai/DATASETS/main/3/saved/chunk_68.zip,8a91ff5dac9ee31822b1a065cc5eb7d6bd55fec4b44af2417582d3a86e38c1b1
https://raw.githubusercontent.com/upowai/DATASETS/main/3/saved/chunk_69.zip,991ee9f3bf0d0a9e2521218eaf85e318c47f31caddae04ebf1abdc0b69812e10
https://raw.githubusercontent.com/upowai/DATASETS/main/3/saved/chunk_70.zip,ff8d3f43c281ae0e2b6b609dfe015b7100d876d5b28c318f8858ee2434285df5
https://raw.githubusercontent.com/upowai/DATASETS/main/3/saved/chunk_71.zip,ee5198fece3bec821e632038183ef34c96c24fc9f671d5317d60fdf7cb18bba8
https://raw.githubusercontent.com/upowai/DATASETS/main/3/saved/chunk_72.zip,5b828110ec3c5a5289df8483e12685ade9882fdd03f9522b4234026bfad7ec92
https://raw.githubusercontent.com/upowai/DATASETS/main/3/saved/chunk_73.zip,a64a3cd415e548a53535197eb1919b7447ba56842dc8521ea0ac5ad5ff450cc9
https://raw.githubusercontent.com/upowai/DATASETS/main/3/saved/chunk_74.zip,7d294ae6bf867c9a0cd7d81fffde6d67b6932949d7dbdb2e2a1d099dad0dc2eb
https://raw.githubusercontent.com/upowai/DATASETS/main/3/saved/chunk_75.zip,981e6dfbb719a51bc38e573dd10a3aadc40bee6e3694fb14aab11da53c056588
https://raw.githubusercontent.com/upowai/DATASETS/main/3/saved/chunk_76.zip,275b439b8e837d8c751a420f2b2edce9b09ac6e21a5a0f8e8aa5d4b59d567462
https://raw.githubusercontent.com/upowai/DATASETS/main/3/saved/chunk_77.zip,7662b7e6ff18abb635faf8cf1745a0462512a87ebfeb7fc170ddcbdf54513c01
https://raw.githubusercontent.com/upowai/DATASETS/main/3/saved/chunk_78.zip,c979c7eec2ee8feeb48d5bf66bbadd98b4246775c6257abca46cd4f85f85699b
https://raw.githubusercontent.com/upowai/DATASETS/main/3/saved/chunk_79.zip,a46103f2a613fae50b55e82715db99de3df96d61e6d692ca15e257f08b044c14
https://raw.githubusercontent.com/upowai/DATASETS/main/3/saved/chunk_80.zip,4f50e0b80c2028a35d0ecf5804dac9e0a24c8edf8e14fb086f7ddc634245029e
https://raw.githubusercontent.com/upowai/DATASETS/main/3/saved/chunk_81.zip,38b105d4580877dfb25f802b75cfc228fcb6f13ad60880962fa665963453e2d3
https://raw.githubusercontent.com/upowai/DATASETS/main/3/saved/chunk_82.zip,e841949b6316f434b17e2a0d8c6382f1c9f02d95859163f5d4538e9713cf274b
https://raw.githubusercontent.com/upowai/DATASETS/main/3/saved/chunk_83.zip,f9e5ce218e996dfbfdf1841d224c07850f8540dadd9245bcc7ad5125512cc200
https://raw.githubusercontent.com/upowai/DATASETS/main/3/saved/chunk_84.zip,52fbe3308a412cdc2fb0262fe23363c7e788553472002c872ffdad755bf2ccef
https://raw.githubusercontent.com/upowai/DATASETS/main/3/saved/chunk_85.zip,2b404a465bea2e9a66b09a631d581e6c6d1d43f665645ffec76383df21a5fdc9
https://raw.githubusercontent.com/upowai/DATASETS/main/3/saved/chunk_86.zip,693e3cef81dc3aa265cabcb6ac9dd273520d0fca12be36227a133c21c83c6381
https://raw.githubusercontent.com/upowai/DATASETS/main/3/saved/chunk_87.zip,2a01caa1313bd2592dcd0bced460a3aa2fb2d4873e926d596acf6192b0ac213f
https://raw.githubusercontent.com/upowai/DATASETS/main/3/saved/chunk_88.zip,ee16efebb38a653834d4fabf64467deb8f20ad9cc6802f53b452492813c19eda
https://raw.githubusercontent.com/upowai/DATASETS/main/3/saved/chunk_89.zip,7e5e94b24675418035a8f82fdb4887dfd9539c469f5232cefff9e16e43b89e7e
https://raw.githubusercontent.com/upowai/DATASETS/main/3/saved/chunk_90.zip,b3e1c9e5a337840f7a81675f8b2682aeac60bba76de17c79620abf8606c3e485
https://raw.githubusercontent.com/upowai/DATASETS/main/3/saved/chunk_91.zip,ab2ebc681d3957e83d51e11345692d03e841aa611f25396842a654598ca8ca2a
https://raw.githubusercontent.com/upowai/DATASETS/main/3/saved/chunk_92.zip,beca374d8c403e1f8339b916427707c15b2e7044694254da1951803011dc02e4
https://raw.githubusercontent.com/upowai/DATASETS/main/3/saved/chunk_93.zip,5320332826255f67d788b412c7b949f1f7a80764b28e1cb913017fb592969f42
https://raw.githubusercontent.com/upowai/DATASETS/main/3/saved/chunk_94.zip,4313507f037b8547f498d3e3c5941b0c0330370b6f850797985d54baf3b0470b
https://raw.githubusercontent.com/upowai/DATASETS/main/3/saved/chunk_95.zip,90219718d3efbcceeebabb8eacdf1185a67d75e4a277b4a555bd1b2ce37990f6
https://raw.githubusercontent.com/upowai/DATASETS/main/3/saved/chunk_96.zip,5d7cc5bffab8f5a03b24f134a16f20c27a3526d07c152005ed88aa107a130420
https://raw.githubusercontent.com/upowai/DATASETS/main/3/saved/chunk_97.zip,e143379bff4038b8c6857d2bc49f458c50de103f7889f4798e0b98e1bf12598d
https://raw.githubusercontent.com/upowai/DATASETS/main/3/saved/chunk_98.zip,09843dcb44b046ce58760d8853a18d9274ba0d39a8265cebd8e4504fe27972dc
https://raw.githubusercontent.com/upowai/DATASETS/main/3/saved/chunk_99.zip,dc3e43224f360a72a4cfdca1e0864ae63d47b04de2b142db78fffc6913bd8bcc
https://raw.githubusercontent.com/upowai/DATASETS/main/3/saved/chunk_100.zip,5c52d3878c7f16f6c6b863aad3297dc6297e06f546399e0697d76b2f01a43d72
https://raw.githubusercontent.com/upowai/DATASETS/main/3/saved/chunk_101.zip,428b138b50ca7efd2afb1e3a4eae6bbcfddb009cf08b7952d40ae47f7d3de8ff
https://raw.githubusercontent.com/upowai/DATASETS/main/3/saved/chunk_102.zip,6abae69e00acf7cbada9e89e6d352e4513c12b0cbd48b588558f2cacc7c20338
https://raw.githubusercontent.com/upowai/DATASETS/main/3/saved/chunk_103.zip,938ea416d271ded296b1c9ec36fe7b978341f1ad52a0027b34bc25dfdeb0db80
https://raw.githubusercontent.com/upowai/DATASETS/main/3/saved/chunk_104.zip,521aa95e88e0ba38ac07844ea50d38461b9295f0e842161195819abe98eeb1d4
https://raw.githubusercontent.com/upowai/DATASETS/main/3/saved/chunk_105.zip,369bd98b5f67f65dee4acbfacf1264d7e0147c4d6474f9bd9e101a5d29c9700d
https://raw.githubusercontent.com/upowai/DATASETS/main/3/saved/chunk_106.zip,7be8903c640e877b72ad75a6d28be558026809311300cb34fd720fffd6b60b0a
https://raw.githubusercontent.com/upowai/DATASETS/main/3/saved/chunk_107.zip,a998d928b9568395e3764028dc1a82e6e63eec1c2910573c80ecdb306718d7ef
https://raw.githubusercontent.com/upowai/DATASETS/main/3/saved/chunk_108.zip,6fc3187131f351043addccb574031a37b4c48ae281993d1cde467382f8817980
https://raw.githubusercontent.com/upowai/DATASETS/main/3/saved/chunk_109.zip,899db2339cacd4ef43671e74d74371a8f01cdd5904f0177c707c9a63d2ae51d8
https://raw.githubusercontent.com/upowai/DATASETS/main/3/saved/chunk_110.zip,5b5eb930d9e88e7074a3951246e593b0f096e701b3e1aef842401f778eb5c8c2
https://raw.githubusercontent.com/upowai/DATASETS/main/3/saved/chunk_111.zip,704e7c07e5b838df8ed1a6d68bb04660b8c0126ca6cc710b17f50fe7f587024d
https://raw.githubusercontent.com/upowai/DATASETS/main/3/saved/chunk_112.zip,ceb89eb2f84fcfda688a3c0acf9c177350b6fa6886439f2c5a91c14265526a9b
https://raw.githubusercontent.com/upowai/DATASETS/main/3/saved/chunk_113.zip,843409e305c34ea38473af3af5e048ce3e3493e7e18db2d24a01c595745cc684
https://raw.githubusercontent.com/upowai/DATASETS/main/3/saved/chunk_114.zip,c039a5372aea13f293bd461996fb6019f019479a28e793f09a5f6f921a73b7c5
https://raw.githubusercontent.com/upowai/DATASETS/main/3/saved/chunk_115.zip,10b38d158eb51a67616df63b019ed80d18c9cf8761919a6acef659545fbea3b5
https://raw.githubusercontent.com/upowai/DATASETS/main/3/saved/chunk_116.zip,efeb9a523598d0f76200847f610a96b9015e6545f4a25fbaae5fc1ecb4d9da68
https://raw.githubusercontent.com/upowai/DATASETS/main/3/saved/chunk_117.zip,ca5187594ada22b2eba02b4c7a3299dff7336023ad3b7b70a412612691637e7a
https://raw.githubusercontent.com/upowai/DATASETS/main/3/saved/chunk_118.zip,05b7d532257f492ec1665b1e91dba5edeb9330cfba014ee34d1f8bcbecb2da11
https://raw.githubusercontent.com/upowai/DATASETS/main/3/saved/chunk_119.zip,3bf081893c861d26abf473e8f8787e3911127708202fb044c42d2ae924ad804d
https://raw.githubusercontent.com/upowai/DATASETS/main/3/saved/chunk_120.zip,fe5342c7d772aa17204d1c5e2b1f521cf2f746c076a59f4a8fcbdcf89691ffa8
https://raw.githubusercontent.com/upowai/DATASETS/main/3/saved/chunk_121.zip,23b019ec8a7b0a271480d972925782dc4a4aaa12ae9d513883504fbf4fea2165
https://raw.githubusercontent.com/upowai/DATASETS/main/3/saved/chunk_122.zip,c015bce780dcdb7986358104c230c45ea09e192bcbfd3db4d0cd132690ee3681
https://raw.githubusercontent.com/upowai/DATASETS/main/3/saved/chunk_123.zip,3d485cb76a68183255901ef51a48288def4ab4bc581b4805a743f8095f5dc062
https://raw.githubusercontent.com/upowai/DATASETS/main/3/saved/chunk_124.zip,a3de0da13b14a2ffea6eab4167f0bcf97ae8a0820acd6ac3c43427233a917a5b
https://raw.githubusercontent.com/upowai/DATASETS/main/3/saved/chunk_125.zip,49be632432d364686538a340efb1dc623920aeec3106007ac18a300fa5d912e8
https://raw.githubusercontent.com/upowai/DATASETS/main/3/saved/chunk_126.zip,4fd33282e819b3ecd6fe36364c2a84fb49452b23d53c4c760a0bd53ae61d229d
https://raw.githubusercontent.com/upowai/DATASETS/main/3/saved/chunk_127.zip,050d9317aab5aa26f755b3055b554f22c3dd9743d68618d69a9763411dd75634
https://raw.githubusercontent.com/upowai/DATASETS/main/3/saved/chunk_128.zip,3cc6c1df522b9e94e06c28a82aaad2126713d2d02876e90079a89687eef7c6d4
https://raw.githubusercontent.com/upowai/DATASETS/main/3/saved/chunk_129.zip,72226cf3d3592598d754e57f6c6989c486ea47771ff2db64d283484ed11dd499
https://raw.githubusercontent.com/upowai/DATASETS/main/3/saved/chunk_130.zip,37ad04a45b63b233d5590366604e5e4da4b5a5b8525d8255507a3a8fa5899bc3
https://raw.githubusercontent.com/upowai/DATASETS/main/3/saved/chunk_131.zip,0ab00783de8890fabe81cd931efdb446a75d93581f28a12e0bdbe42a5bd353cd
https://raw.githubusercontent.com/upowai/DATASETS/main/3/saved/chunk_132.zip,761fd0b3c887e75e11e8275ea7616ddd2af5fa6291fa32ff523e2b4fb7060469
https://raw.githubusercontent.com/upowai/DATASETS/main/3/saved/chunk_133.zip,778135a77271954d719c0de37fb41f74615acc00bc341e01a25d74accefacc15
https://raw.githubusercontent.com/upowai/DATASETS/main/3/saved/chunk_134.zip,23ab40328b92c4a83a33ec84979257ce8ad1e0a269291e5f8540442828392cbb
https://raw.githubusercontent.com/upowai/DATASETS/main/3/saved/chunk_135.zip,5fb899ada5ab367d179f6a62482c84e6505beee5832146ef1c775530d09f6e23
https://raw.githubusercontent.com/upowai/DATASETS/main/3/saved/chunk_136.zip,de55dd12490418b8d64e419214a01b735e321f89237ae38ac5ae3a06c6031d9b
https://raw.githubusercontent.com/upowai/DATASETS/main/3/saved/chunk_137.zip,f3fb69c9343e08e2eaa621cc174719e64c4251a07db2ba50644047e55adfddbf
https://raw.githubusercontent.com/upowai/DATASETS/main/3/saved/chunk_138.zip,4a49127c4ffa14e3f15994a23efd14c7dc7b51ad63067bb2ce7031665526e6b5
https://raw.githubusercontent.com/upowai/DATASETS/main/3/saved/chunk_139.zip,77db383a7a37bbd4988be0ee9267d897d61dc7322f6abd8e8d4bcd9dddad5f73
https://raw.githubusercontent.com/upowai/DATASETS/main/3/saved/chunk_140.zip,358d75740e0f1fbec52da2a6fc90b68add4befc87eacce171eaa4cd6bd536ca3
https://raw.githubusercontent.com/upowai/DATASETS/main/3/saved/chunk_141.zip,12d582a2d3902150fd178f1054cd7c75b7049594695cfa3a60ce469d5b65705b
https://raw.githubusercontent.com/upowai/DATASETS/main/3/saved/chunk_142.zip,cca313bd19adba53bda0251c4adbc4d646f000cc8c0fcacc2a674747a24e1a9f
https://raw.githubusercontent.com/upowai/DATASETS/main/3/saved/chunk_143.zip,f0dd88761ee8dbd9c5e8419ee4bad97c83ebe570cd01314b388188a8032c8ed5
https://raw.githubusercontent.com/upowai/DATASETS/main/3/saved/chunk_144.zip,b0e5fa314e34e4828b196127d05653e9cd542e9707ed77b51b789026b85d373c
https://raw.githubusercontent.com/upowai/DATASETS/main/3/saved/chunk_145.zip,2a87f7091c1a5e7fa5c22a82a21d51ad99db866b03ae5b673c9fba5ffe956dad
https://raw.githubusercontent.com/upowai/DATASETS/main/3/saved/chunk_146.zip,eea4941dc00e2f0756b954955ff9e7123b8bed4f5a4604b14479f9bde0761e3a
https://raw.githubusercontent.com/upowai/DATASETS/main/3/saved/chunk_147.zip,706ef3b0ae6237429cb8b48ad578e90d9437be95d1a593ac5a4105cbe1798637
https://raw.githubusercontent.com/upowai/DATASETS/main/3/saved/chunk_148.zip,a046e1f7e7b0e46598351d80f3250d2435993df8a85774491faf39c136077086
https://raw.githubusercontent.com/upowai/DATASETS/main/3/saved/chunk_149.zip,3ae8cf063781255e9b430fdcf8acd366b862a7aa476e8530f6a9b2150c3887d2
https://raw.githubusercontent.com/upowai/DATASETS/main/3/saved/chunk_150.zip,509569a657fbfb8abf0adef5dd60074c14af645ab052af4290fc2b98d7731cdb
https://raw.githubusercontent.com/upowai/DATASETS/main/3/saved/chunk_151.zip,bc00239f84132c554a407e1fd714f018ed7c31eeed4e18f84b44ecdc942d6bd1
https://raw.githubusercontent.com/upowai/DATASETS/main/3/saved/chunk_152.zip,45c3500ff1603cf6e038457ac60f7c6cdc6c71dc0688b9823ac9de18af23cada
https://raw.githubusercontent.com/upowai/DATASETS/main/3/saved/chunk_153.zip,327294157553fe84317e54a7c20c82a2d2851fe8d201705a097908d83ea93dd3
https://raw.githubusercontent.com/upowai/DATASETS/main/3/saved/chunk_154.zip,6354f463560b56391525673268a7dae9a16f6886fd4e510593e0b8ae09bba130
https://raw.githubusercontent.com/upowai/DATASETS/main/3/saved/chunk_155.zip,bb27576a76365d2535687d3cb42263a56e495601e94802173e5366e857c25837
https://raw.githubusercontent.com/upowai/DATASETS/main/3/saved/chunk_156.zip,0f2b96ca32efa2f25fe51b5b4a14b0aeed4a231234ec80f81dc2c85099ff993d
https://raw.githubusercontent.com/upowai/DATASETS/main/3/saved/chunk_157.zip,e548a81fcbc187d629346ee934b69fef1217b7d22dfa80b122a9c3f2a37018c6
https://raw.githubusercontent.com/upowai/DATASETS/main/3/saved/chunk_158.zip,b39ad4235dab3a4ed24fad2cab51ca4946eee4b035d79be8d81bef079b445301
https://raw.githubusercontent.com/upowai/DATASETS/main/3/saved/chunk_159.zip,b4704b14885d7010e8be9829dd657aed106eecafdfc594ea0968f363e8ece47f
https://raw.githubusercontent.com/upowai/DATASETS/main/3/saved/chunk_160.zip,1cedec918cd46bd8c63b8cf4d1c0f4c529dbebe682717b0223a75f140837a6de
https://raw.githubusercontent.com/upowai/DATASETS/main/3/saved/chunk_161.zip,113d6504490c335c2fb88cfd98ad9e9a96b052392094f5b192dfde7fb5410021
https://raw.githubusercontent.com/upowai/DATASETS/main/3/saved/chunk_162.zip,3c1dbcce0215ab8aac492d64d3dd9626229eb4fcbb8958cc25a6d68130fa1ad9
https://raw.githubusercontent.com/upowai/DATASETS/main/3/saved/chunk_163.zip,1e226fc603e24c09a5dcfcc481e7469b4d155221f978618cb0c062007657d94d
https://raw.githubusercontent.com/upowai/DATASETS/main/3/saved/chunk_164.zip,48e31b676737bd0b8ca692bc8d1cc46d9d3f7a8b219a4d13458bcd9caf54dfcb
https://raw.githubusercontent.com/upowai/DATASETS/main/3/saved/chunk_165.zip,c41087148ce6c4354525289ae54932bcf585886a351389e1168bf6d10c30b920
https://raw.githubusercontent.com/upowai/DATASETS/main/3/saved/chunk_166.zip,03cc4f4cc350972dd9cb0ed3b3596510844c19594f19e92973206b5366c25ff6
https://raw.githubusercontent.com/upowai/DATASETS/main/3/saved/chunk_167.zip,994202606b82c255a7345fff8d3e1dfe91763d305b189d21efc602baba25dcc3
https://raw.githubusercontent.com/upowai/DATASETS/main/3/saved/chunk_168.zip,6455045209e91769c36ea0bd8311ed7f697c9edaa0667bf57b2a772572d11fa6
https://raw.githubusercontent.com/upowai/DATASETS/main/3/saved/chunk_169.zip,cf0e35f872b86612d10755706d1d61c1ce7548a9a0cde76da0b18a65237f69d9
https://raw.githubusercontent.com/upowai/DATASETS/main/3/saved/chunk_170.zip,7382a7e5f39a4122c6accce7cb046c239112cd46ebdef3eeb6aa993424c20b65
https://raw.githubusercontent.com/upowai/DATASETS/main/3/saved/chunk_171.zip,d4b26ba9c40a070545ee1df6cb7a3bf552ae3162ee1a1c1f53257e40cfae45bf
https://raw.githubusercontent.com/upowai/DATASETS/main/3/saved/chunk_172.zip,a22d7cc7211952a5e05ca043da5599a062a2d79af4d655685e559ac16463b85b
https://raw.githubusercontent.com/upowai/DATASETS/main/3/saved/chunk_173.zip,fd0b5ed0a9ca3910f17041bbe7bd28d6f29dabf25562f3fb41a4483b0ca512de
https://raw.githubusercontent.com/upowai/DATASETS/main/3/saved/chunk_174.zip,5c14461649a0ec4a3eb27af9c84a3fb4c74b3604fe2a3b48c7f52c47c081425e
https://raw.githubusercontent.com/upowai/DATASETS/main/3/saved/chunk_175.zip,347e4f9448d6b396b5a6904b63c355f2715449029cc47718772ea5f0ca6f8602
https://raw.githubusercontent.com/upowai/DATASETS/main/3/saved/chunk_176.zip,c6bae7e84ceff886fcee8189c19ba929b28c55121f982a501292e80bd007c269
https://raw.githubusercontent.com/upowai/DATASETS/main/3/saved/chunk_177.zip,6376133d4e7eff0103fc72f15276bfbbb8237aac649d8a2b661b19bccf9b0220
https://raw.githubusercontent.com/upowai/DATASETS/main/3/saved/chunk_178.zip,3006a7e69454b365ccc3b45eb972122e635e5f2dfb6ed908d337bc1d5fe2eadd
https://raw.githubusercontent.com/upowai/DATASETS/main/3/saved/chunk_179.zip,34eee5ab35be791c8df78c0d8e4a9e361d1f71ffa00837130b58d8f21ea89d10
https://raw.githubusercontent.com/upowai/DATASETS/main/3/saved/chunk_180.zip,0f0d611dbb0df162d405bac785f5627eac017542b0299d35f104a9e3e87bca41
https://raw.githubusercontent.com/upowai/DATASETS/main/3/saved/chunk_181.zip,61e14c725b429a2670294fcc43116c4499494c93020ed79eac2c2b0114691884
https://raw.githubusercontent.com/upowai/DATASETS/main/3/saved/chunk_182.zip,d215364cf3815c26c7ebfe7a8037e44672c564889eb6ca607f53a9fb8a7921a5
